0,1,2,3,4,5,6,7,8,9,10
1.0,0.0586366206407547,0.9411637783050537,5.27008992001754e-10,2.4776278223725967e-05,5.415911346062785e-07,1.5737268768134527e-06,4.895050096820341e-06,1.6121075585573408e-09,0.00011333605652907863,5.4412794270319864e-05
1.0,0.0011866659624502063,0.9987485408782959,4.446768231414211e-10,3.315862613817444e-06,1.8843232529874854e-11,9.700277558977177e-08,3.122435643376775e-08,7.651672717656766e-08,5.9690395573852584e-05,1.5288538861568668e-06
2.0,3.1524148624839654e-08,4.580622992023109e-09,0.9373338222503662,0.04257620498538017,4.892187916993862e-07,4.2476996895857155e-05,0.0007999305380508304,0.0192112997174263,3.583559737307951e-05,3.7854976098206095e-11
7.0,0.00026169163174927235,2.586957452876959e-05,0.0014406396076083183,0.0004638865066226572,1.691068632680981e-06,0.014825503341853619,0.00013367494102567434,0.9819682240486145,0.0008672848925925791,1.1485554750834126e-05
3.0,0.0008442431571893394,4.984281986253336e-05,0.02047136425971985,0.971747100353241,1.734983129608736e-06,8.886095747584477e-05,0.000758083479013294,0.0028575712349265814,0.0031810151413083076,1.4574111162346526e-07
0.0,0.6217624545097351,0.3766385018825531,7.611120622641465e-09,0.0008235540008172393,8.33465207961126e-08,3.5777684388449416e-05,2.027517666647327e-06,2.7939347546634963e-06,0.00040309320320375264,0.00033179446472786367
3.0,7.023957095952937e-06,3.1649202014705224e-07,0.0020795881282538176,0.9776060581207275,5.097807047604874e-07,0.00010886519885389134,5.308961044647731e-05,0.020107947289943695,3.656549597508274e-05,2.4391933806100496e-08
0.0,0.8656353950500488,0.1257903277873993,3.3491513562466935e-08,0.004449997562915087,1.869570454005043e-08,0.0003184058587066829,7.900655418779934e-07,0.0004072583978995681,0.0007289032801054418,0.0026687574572861195
4.0,7.435450033455027e-09,9.87727781509573e-12,6.321874479908729e-06,1.6614212938748096e-07,0.999479353427887,9.992154881288684e-10,0.000514244835358113,1.0718856358060691e-12,6.789641071591745e-10,1.0399682061557535e-15
0.0,0.9778964519500732,0.011404269374907017,2.599901094413326e-08,0.007158790249377489,1.9542505924619036e-07,0.0001539029472041875,7.088976303748495e-07,3.925140481442213e-05,8.91989329829812e-05,0.0032572089694440365
8.0,0.00039504439337179065,1.204111958941212e-05,6.101563485572115e-07,3.486274363240227e-05,1.678341448041465e-07,0.007231269497424364,0.005019521806389093,1.0684803442018165e-07,0.9873064756393433,2.3858122588649167e-08
1.0,0.0007177491788752377,0.9992339611053467,4.5744039112172175e-10,1.96141513697512e-06,1.804337235178366e-11,4.380293816552694e-08,3.626047728744197e-08,3.354018929258018e-08,4.581960092764348e-05,5.219176273385528e-07
3.0,0.006249178666621447,3.3223972423002124e-05,0.00010278089030180126,0.9931454658508301,2.7354492431186372e-06,1.5510253433603793e-05,4.3229179027548525e-06,0.0004109006840735674,3.297718285466544e-05,2.835647364918259e-06
6.0,2.6205670966561456e-09,2.2997944694458372e-12,2.6738745873444714e-05,2.0305170878032186e-09,0.06464868783950806,3.7405170587589964e-05,0.9352841973304749,1.455742644485003e-11,2.88142973658978e-06,1.2650080466372182e-14
8.0,1.944369614648167e-05,6.172511803015368e-06,8.060544132604264e-06,2.818781695168582e-06,7.178859728895759e-09,0.00011878695659106597,0.002930161077529192,1.289281783556362e-07,0.9969143867492676,8.674391760443712e-11
3.0,1.8802984413923696e-06,5.0505303050840666e-08,0.008874239400029182,0.9890568852424622,1.9426884136919398e-06,3.0478271582978778e-05,6.654007302131504e-05,0.001948642311617732,1.935946238518227e-05,8.427671005506454e-09
4.0,1.259615964954719e-05,2.0839424408336527e-08,3.932272011297755e-05,0.0001413197605870664,0.9940109848976135,6.01315690573756e-08,0.0057951100170612335,1.2905317092748447e-10,5.602391865977552e-07,7.933533929631309e-13
2.0,5.060038574811188e-07,4.1482241641688233e-08,0.9734784364700317,0.021559419110417366,3.722407200257294e-06,1.5960264136083424e-05,0.004291224759072065,0.0001505043328506872,0.0005001001991331577,6.912552474869216e-11
8.0,6.076278623368125e-06,3.1499757824349217e-06,3.0211228931875667e-06,2.7738826702261576e-06,1.728957066404746e-08,4.563284892356023e-05,0.014038357883691788,4.238268402900758e-09,0.9859009385108948,5.325856075599766e-12
7.0,0.0006420192075893283,0.00017165789904538542,0.002874556463211775,0.0008650612435303628,2.778551220217196e-07,0.014148542657494545,0.00034381612204015255,0.9611338376998901,0.019816378131508827,3.8312850847432856e-06
1.0,0.09052226692438126,0.9067485928535461,4.224195748747661e-08,0.0006026894552633166,4.6388531904639763e-10,1.8609911421663128e-05,4.584160535614501e-07,0.00011306761007290334,0.0018288608407601714,0.00016538577619940042
2.0,8.359239473065827e-06,8.134360541589558e-06,0.9583492279052734,0.007023176643997431,2.8566040555233485e-07,3.975890649599023e-05,0.001684159622527659,0.02248414419591427,0.010402746498584747,1.1133991506540042e-09
9.0,9.205459718941711e-06,5.993446627883259e-09,7.963976145219931e-09,2.237160288132145e-07,0.0010749980574473739,0.002150509739294648,1.2747363165033221e-08,0.00017073628259822726,2.487769545922447e-09,0.9965943694114685
8.0,8.527265435986919e-07,2.49102367888554e-06,1.7695321730570868e-05,6.070883955544559e-07,1.853864728396104e-09,3.6141425425739726e-06,0.006268261931836605,4.38958158710534e-09,0.9937065243721008,4.760121875661827e-13
0.0,0.9795805811882019,0.012008351273834705,3.336810827647696e-09,0.0028958553448319435,1.011378572002286e-06,3.87937507184688e-05,3.7853197909498704e-07,7.482756814169989e-07,1.6668842363287695e-05,0.005457514431327581
1.0,0.001907861209474504,0.9979466795921326,3.7093447757818865e-10,5.118457011121791e-06,7.870770007967209e-13,4.63020995766783e-07,3.9110936711495015e-09,6.125418622104917e-06,9.619075717637315e-05,3.748085873667151e-05
6.0,7.861522703933588e-07,6.1040839050008344e-09,0.001488341367803514,9.379087941852049e-07,0.00960511714220047,1.5351814681707765e-06,0.9888048768043518,4.1968861719254846e-10,9.844492160482332e-05,1.841730672862748e-14
0.0,0.9942065477371216,0.003109060460701585,2.7598332508205203e-08,0.0018215528689324856,0.0006003659218549728,2.7392405172577128e-05,0.00013227084127720445,1.621883782831901e-08,6.025050606695004e-05,4.254043597029522e-05
4.0,9.617726391297765e-06,8.720869004719134e-08,0.00047965452540665865,0.0003373025683686137,0.9766795635223389,1.025305795820941e-08,0.02249152772128582,1.0287700552558121e-10,2.3154304926720215e-06,1.265718216000855e-13
6.0,0.0006814588559791446,0.00013415842840913683,0.0009524463093839586,0.0004772104148287326,0.006241651717573404,9.82367623691971e-07,0.9840415716171265,6.21036777559425e-09,0.007470591459423304,3.892663535259855e-12
4.0,1.883148001979862e-07,1.5559843691281827e-10,6.407508044503629e-05,2.284638753735635e-07,0.9387033581733704,8.125502972688992e-07,0.061231113970279694,2.7872317301391725e-11,2.5670033210190013e-07,8.639901402825167e-14
0.0,0.960799515247345,0.027369558811187744,1.271783789391634e-09,0.0014627119526267052,6.484585242105823e-07,4.292995436117053e-05,2.59155768844721e-07,5.57530881906132e-07,1.6611917089903727e-05,0.01030724961310625
7.0,6.976335953368107e-06,1.3533805258703069e-06,0.00026438006898388267,0.02077322080731392,1.7744463676194755e-09,0.00021696308976970613,6.359232429531403e-06,0.9785908460617065,0.00013980522635392845,3.330428555159415e-08
2.0,1.2280239616302424e-06,1.3972960744013108e-07,0.9748168587684631,0.01926588825881481,2.536546389819705e-06,7.504788754886249e-06,0.0032102265395224094,3.6883116990793496e-05,0.002658810233697295,7.535118362600457e-11
4.0,7.0171659594109315e-09,2.27517505703434e-12,7.169656328187557e-06,1.066456367659896e-09,0.9785317182540894,8.538139809388667e-06,0.02145243063569069,1.0879457924828362e-11,1.261425666143623e-07,4.2235143334068415e-12
5.0,8.325699127453845e-06,1.0743821832193134e-07,4.976964174119303e-09,2.702406050048012e-07,4.3261586313292355e-08,0.9992570281028748,2.2526180600834778e-06,5.030217653256841e-05,0.0006143331993371248,6.725874845869839e-05
2.0,9.448524906474631e-06,1.7657363287071348e-06,0.943687915802002,0.04045121371746063,1.999679625441786e-06,4.040348358103074e-05,0.0027477997355163097,0.0008193039684556425,0.012240025214850903,1.0577970721570296e-09
0.0,0.9874905943870544,0.00788477249443531,9.02976626804275e-09,0.0038485717959702015,1.662487647990929e-06,6.218646740308031e-05,1.1009769878000952e-06,3.7379122659331188e-06,2.4517648853361607e-05,0.0006829798221588135
8.0,9.253395546693355e-05,5.493584922078298e-06,7.281228704414389e-07,1.6553993191337213e-05,5.5100439766420095e-08,0.002480427036061883,0.004768573213368654,5.2371824210695195e-08,0.9926356673240662,2.534448206858997e-09
5.0,7.942855518194847e-06,6.09982180321822e-08,7.518688107666094e-06,8.448842709185556e-05,3.053341970371548e-07,0.9705631136894226,0.0008280988549813628,5.8274748880648986e-05,0.028450049459934235,2.1312692410901946e-07
3.0,2.879248495446518e-05,1.167178197647445e-06,0.000598750717472285,0.9971045851707458,1.3525610143005906e-07,1.295265246881172e-05,1.166435413324507e-05,0.0022079292684793472,3.3982731110882014e-05,7.873438789829379e-08
2.0,9.11150982574327e-06,3.463395387370838e-06,0.9878861904144287,0.00026022715610451996,9.055876944330521e-06,3.812820750681567e-06,0.000460452982224524,0.01120353490114212,0.00016413634875789285,1.3286277633639543e-09
6.0,0.0002725313534028828,6.898058472870616e-06,0.00021331134485080838,0.0004036950704175979,0.019835522398352623,3.010022965099779e-06,0.9768751859664917,2.6683055764920027e-09,0.0023897828068584204,3.143272100936123e-12
8.0,1.0513410870771622e-06,2.2459428237198154e-06,1.3720125025429297e-05,4.523469669948099e-07,1.6022254634151523e-09,5.4533993534278125e-06,0.003793204203248024,7.691570047541063e-09,0.9961838126182556,9.106774579228927e-13
2.0,1.9808848605862295e-07,4.070335890560273e-08,0.9719019532203674,0.021923253312706947,5.474512363434769e-07,6.558992026839405e-05,0.0018156417645514011,0.0032995864748954773,0.00099323526956141,8.532708567488001e-11
3.0,0.008324285969138145,5.955148935754551e-06,1.3859292380402621e-07,0.991591215133667,1.7100534023484215e-05,6.133726060397748e-07,1.2589345566027532e-08,1.0359985935792793e-05,3.104313606172582e-08,5.0181806727778167e-05
0.0,0.9815650582313538,0.0006976003642193973,4.096090933103369e-08,0.003298007184639573,0.014050088822841644,5.2313793275970966e-05,0.00021144234051462263,6.964147480914562e-09,3.2380525226471946e-05,9.310053428635001e-05
4.0,7.606013041616677e-10,7.110753500773337e-13,0.002086907159537077,2.8241247562732497e-08,0.8921012878417969,0.010623212903738022,0.0951593741774559,1.0361326729935172e-07,2.912665149779059e-05,1.6355403698042892e-09
3.0,0.0028105592355132103,4.979716322850436e-06,0.00013286827015690506,0.9968177080154419,8.40821085148491e-05,5.2351657359395176e-05,1.9394106857362203e-05,5.685401993105188e-05,1.9144408724969253e-05,2.027976279350696e-06
9.0,0.0031980813946574926,0.031811293214559555,1.2095464603859019e-12,8.854191946738865e-06,7.508816485257697e-12,6.371843028318835e-06,3.514275676019807e-11,3.3332236171190743e-07,1.6797714579297462e-06,0.9649733901023865
5.0,5.160946329851868e-06,3.078671539924471e-08,3.70326702636703e-08,1.5613834136729565e-07,1.208543494612968e-06,0.9994186162948608,3.6070621717954054e-05,8.346937647729646e-06,0.0005219740560278296,8.411248927586712e-06
9.0,0.00019724282901734114,0.009354048408567905,1.6858828786117663e-14,4.5945711235617637e-07,1.9448792619794486e-13,4.680809695400967e-07,5.336839368867696e-13,4.849057333444762e-08,4.4008825028640786e-08,0.9904477596282959
9.0,8.753449219511822e-05,0.0006807222962379456,1.1013452723049842e-15,3.2201705835177563e-07,5.1330272497762675e-12,1.3988203306780633e-07,1.3795177023281924e-13,1.3559744438396137e-09,6.976085265009146e-10,0.999231219291687
4.0,3.113239088747832e-08,4.029462180588084e-11,5.7090532209258527e-05,3.790528353420086e-07,0.9853473901748657,6.2176241932832e-09,0.014595120213925838,1.120341558240312e-12,3.341177290394626e-08,1.3555672824676671e-15
9.0,7.083602667989908e-06,1.5387809915168305e-09,2.7116707317087485e-12,4.08027943876732e-07,7.640093826921657e-06,4.220997288939543e-05,1.634171270525897e-11,6.439353228415712e-07,4.3656250489632065e-12,0.9999419450759888
8.0,3.054098485222312e-08,2.2473501815056807e-07,0.001614606473594904,3.2066288895293837e-06,1.834946777856672e-10,9.638055416871794e-06,0.0006687584682367742,2.045298288066988e-06,0.9977015852928162,4.80653819696919e-13
2.0,3.0111796149867587e-06,9.36837977860705e-07,0.9869405627250671,0.00418133707717061,9.061365631168883e-07,2.8939639378222637e-05,0.0023257278371602297,0.0028518864419311285,0.0036666085943579674,4.182187651746716e-10
1.0,0.08307330310344696,0.916458249092102,4.1327047339834166e-10,6.140756158856675e-05,4.7926618229610085e-09,9.235573998012114e-06,1.783865712923216e-07,4.989843205294164e-07,0.00013058555487077683,0.0002664773492142558
6.0,0.0006429192144423723,5.6424403737764806e-05,0.0002951243950519711,0.0010437137680128217,0.022414132952690125,1.0337239473301452e-06,0.9698381423950195,1.3597099002282675e-09,0.005708503071218729,4.672527555843464e-12
6.0,2.275322003697511e-06,8.349990920919481e-09,0.0010122244711965322,1.8747480226011248e-06,0.019555632025003433,9.620322998671327e-06,0.9792976379394531,1.2861326448287969e-09,0.00012055804836563766,1.8467360615986167e-13
9.0,7.635178917553276e-06,3.530733261314367e-09,1.9254347005670525e-09,2.7290420234749035e-07,0.0005360349314287305,0.0015759743982926011,3.6228897659640324e-09,7.747214840492234e-05,6.808740238284372e-10,0.9978025555610657
5.0,1.9546936528058723e-05,1.529434143776598e-07,1.123085091592202e-08,4.000677904514305e-07,5.622577532449213e-07,0.998214840888977,1.3190602885515545e-06,0.0004798925656359643,3.391555219423026e-05,0.0012494312832131982
3.0,0.0010174321942031384,5.318835292200674e-07,7.299164508367539e-07,0.9989181756973267,3.9211568946484476e-05,2.114123418550662e-07,8.523216799005695e-09,1.3429449609247968e-05,4.289495869613802e-09,1.0198012205364648e-05
3.0,2.2350848666974343e-05,4.966537403561233e-07,0.0009860614081844687,0.9988481998443604,7.500599394916208e-07,2.247041493319557e-06,4.107252607354894e-06,0.00012422510189935565,1.1417100722610485e-05,5.785502210642335e-08
2.0,2.252736308605563e-08,5.028260030570664e-09,0.9552124738693237,0.030989062041044235,3.122108864772599e-07,1.485463963035727e-05,0.0004475800960790366,0.013305204920470715,3.0435563530772924e-05,2.2666021837203232e-11
8.0,5.911268544878112e-06,7.4044137363671325e-06,3.0478033750114264e-06,2.215582298958907e-06,1.131936211429263e-09,1.882752803794574e-05,0.0016182996332645416,1.469177668411703e-08,0.9983443021774292,2.0632330913206154e-11
8.0,1.4706399724673247e-06,3.278738950029947e-05,0.014983235858380795,6.821498391218483e-05,3.943917137316788e-10,0.00012408633483573794,0.00031939460313878953,0.02671165205538273,0.9577591419219971,5.144534243051169e-10
3.0,3.1206507173919817e-06,3.07891411921446e-07,0.0345720537006855,0.9642898440361023,1.4267201322581968e-06,8.699613317730837e-06,0.00018199521582573652,0.0008840759983286262,5.854075061506592e-05,2.970491186360391e-09
6.0,0.0005364993121474981,2.3772356144036166e-05,8.000531670404598e-05,0.00019020451873075217,0.0028099874034523964,4.4518815229821485e-06,0.9862902760505676,2.193452308674182e-09,0.010064862668514252,5.792829323864046e-12
3.0,0.0003076630528084934,1.0140208672737572e-07,1.4168859934216016e-06,0.9995076656341553,0.00016262457938864827,9.110818410817956e-08,4.16963530369685e-09,7.101063602021895e-06,6.840830124588138e-10,1.3251055861474015e-05
0.0,0.945181131362915,0.0304127000272274,3.53191009772047e-09,0.003610278246924281,6.095174143183613e-08,0.0001916715846164152,1.205242199375789e-07,7.060436473693699e-05,3.436439874349162e-05,0.02049902267754078
0.0,0.9835880994796753,0.012147370725870132,5.1822169666593254e-08,0.0038564358837902546,0.00011286919470876455,3.779007965931669e-05,7.945392280817032e-05,2.0687218693637988e-07,0.00016401005268562585,1.3601677892438602e-05
7.0,0.00022520226775668561,4.648184767575003e-05,0.004457022529095411,0.0008789752027951181,4.479106507915276e-07,0.003099787514656782,0.00013536468031816185,0.989122211933136,0.002032484160736203,2.14088481698127e-06
4.0,2.6609316972070474e-09,9.080362330105007e-13,4.807646746485261e-06,3.2628341695151164e-10,0.9738523364067078,2.566368038969813e-06,0.02614017017185688,2.6920575144084857e-12,7.34632905619037e-08,6.330415792260569e-13
8.0,0.0030350827146321535,0.0001541098754387349,4.662453179093973e-08,1.7964521248359233e-05,1.6994731311115174e-07,0.007824542932212353,0.0023969055619090796,2.816508803960005e-08,0.9865705370903015,5.789601686956303e-07
2.0,6.278083310462534e-05,4.601601176545955e-05,0.9471328854560852,0.003114402759820223,1.1139736670884304e-06,2.1690826542908326e-05,0.0006364600267261267,0.04579288139939308,0.0031917861197143793,5.84093839961497e-09
1.0,0.3865167498588562,0.6125585436820984,2.9070739149261726e-09,0.00023668022186029702,9.764083586105698e-08,1.5775776773807593e-05,2.350463773836964e-06,2.4828059963510896e-07,0.0003333848144393414,0.00033611018443480134
8.0,3.166318720104755e-06,6.429172935895622e-05,0.029116258025169373,0.00016917320317588747,8.516289895510454e-10,0.00019995486945845187,0.0004703981976490468,0.08798719942569733,0.8819895386695862,1.3410019761295189e-09
4.0,2.8209587998873076e-09,8.757146483656664e-13,1.0361331987951417e-05,1.0492808844020374e-09,0.9597579836845398,5.792619049316272e-06,0.04022575914859772,4.638228169595582e-12,1.3443718671624083e-07,1.2631017108979958e-12
4.0,1.6557264004291028e-08,1.3215570998648118e-11,1.6439080354757607e-05,1.3280532229487108e-08,0.9806957840919495,1.345967177712737e-07,0.019287697970867157,4.723387479754759e-12,1.8974237292468388e-08,1.1507742187551878e-14
8.0,7.586085757793626e-06,1.53933979163412e-06,5.551454250962706e-06,3.579751364668482e-06,1.8510130317395124e-08,0.0001672578218858689,0.008832368068397045,2.1766918933963098e-08,0.9909822344779968,1.9895368338906927e-11
9.0,0.0018109040101990104,0.002948263194411993,1.8005546055868682e-13,3.59117461812275e-06,1.0389543392275158e-11,4.355943474365631e-06,6.939658916960134e-12,1.7168190424854401e-07,1.4959546490445064e-07,0.9952325224876404
5.0,0.00011121157876914367,2.724581463553477e-06,1.5355130926764105e-06,1.6303525853800238e-06,0.0001623134157853201,0.9529447555541992,2.019758176174946e-05,0.03853650018572807,5.930815314059146e-05,0.008159931749105453
5.0,0.00014464621199294925,4.2410133573866915e-06,5.114291923291603e-08,1.3608107565232785e-06,4.306413075028104e-07,0.9852376580238342,2.00637373382051e-06,0.012063448317348957,0.00012759848323184997,0.0024185674265027046
6.0,0.0018657866166904569,2.8915483198943548e-05,0.00010993699106620625,0.00020228666835464537,0.018151598051190376,0.00016195623902603984,0.9694711565971375,1.0385566184822892e-07,0.010008303448557854,6.764996202113238e-11
7.0,0.00019536743639037013,2.1282859961502254e-05,0.0018215076997876167,0.002986582927405834,7.553769876267324e-08,0.007151374593377113,6.9734851422254e-05,0.9844157099723816,0.003336795140057802,1.5488817552977707e-06
1.0,0.9059069752693176,0.08322104066610336,1.1314777559334743e-08,0.0030286433175206184,2.61173109805668e-08,0.00030058290576562285,3.951002724988939e-07,0.00011800129141192883,0.00030633679125458,0.00711799506098032
6.0,0.0006752473418600857,0.00010291732905898243,0.0012438037665560842,0.0006310303579084575,0.015852471813559532,7.741383569737081e-07,0.977327823638916,6.213231706908573e-09,0.0041658892296254635,3.2816843860417055e-12
4.0,0.0031467247754335403,3.307658334961161e-05,0.0008039481472223997,0.011748732067644596,0.756524384021759,4.869589815825748e-07,0.22745881974697113,2.7835960203503873e-09,0.0002837715728674084,7.148398539769119e-11
2.0,1.531434804746823e-06,1.1273621680629731e-07,0.9765477776527405,0.018696291372179985,4.459103820408927e-06,2.1373347408371046e-05,0.0033255128655582666,0.00019086607790086418,0.001212210743688047,2.1810624140083945e-10
5.0,0.00013334907998796552,3.337335328978952e-06,2.940209697044338e-06,2.5605791051930282e-06,0.0001991999160964042,0.9370173215866089,2.9241713491501287e-05,0.05574049428105354,6.956748984521255e-05,0.00680201593786478
9.0,1.509436515334528e-05,1.3888031835662673e-09,3.4990706079124356e-13,1.4810144648436108e-06,1.0395151548436843e-05,1.8789316982292803e-06,2.9352900318690978e-12,1.4842735041042943e-08,3.8502260732951876e-13,0.9999710321426392
8.0,0.0006833566585555673,0.00017070643662009388,4.8938790797592446e-08,8.09930406830972e-06,2.1994162935357053e-08,0.0009412051877006888,0.0014836305053904653,1.2329115506304333e-08,0.9967129230499268,3.85650480438926e-08
3.0,1.156437292593182e-06,8.174495746970933e-08,0.19181732833385468,0.804631769657135,3.090746076850337e-06,5.4007174185244367e-05,0.001636605360545218,0.00168604648206383,0.00016986601985991,9.651117682807353e-10
6.0,0.0006465095211751759,1.524711842648685e-05,0.00028415510314516723,0.001087560085579753,0.05689183995127678,1.2318292874624603e-06,0.9387266635894775,1.1680627576282632e-09,0.0023468006402254105,5.483017252033706e-12
7.0,0.00042088775080628693,0.00011073337373090908,0.008884165436029434,0.0012923851609230042,5.494558763530222e-07,0.002968396758660674,0.0002622355241328478,0.9806113243103027,0.005447736009955406,1.649297701078467e-06
8.0,4.2738039951473183e-07,1.171365738628083e-06,0.0017173882806673646,1.2111420801375061e-05,1.1915771702675215e-09,2.2481322957901284e-05,0.0017364760860800743,2.7887579108210048e-06,0.9965069890022278,5.496469165228168e-12
3.0,0.00036460801493376493,8.140207086171358e-08,1.0158470331589342e-06,0.9966171383857727,0.0018732104217633605,4.928374863766294e-08,9.897889174936836e-10,4.753283064928837e-06,4.4724703107679176e-11,0.0011392523301765323
7.0,0.0003644065873231739,3.8601781852776185e-05,0.011756207793951035,0.0005006831488572061,8.757955947658047e-05,0.009455990977585316,0.0009620329365134239,0.9759228229522705,0.0008984244777821004,1.3234003745310474e-05
9.0,3.1583645068167243e-06,1.0048800680451109e-09,3.825071509533373e-11,1.217796636865387e-07,3.457161437836476e-05,0.00020631638471968472,1.0312831838499292e-10,4.172521585132927e-06,2.5828370692204672e-11,0.999751627445221
9.0,1.2881385373475496e-05,1.2765766221889407e-09,6.497932617324786e-13,1.3803592082695104e-06,1.2108792361686938e-05,3.852419922623085e-06,4.651648857767476e-12,4.250135887673423e-08,6.005366017837466e-13,0.9999697208404541
9.0,2.1799344267492415e-06,6.357721571426111e-10,3.854311401291222e-12,8.473831059063741e-08,7.12706423655618e-06,3.86034298571758e-05,1.3463981665684521e-11,6.061239901100635e-07,3.787859349096978e-12,0.9999513626098633
5.0,1.0265094715578016e-05,1.1343972516897338e-07,4.872219072638018e-09,3.9823919451009715e-07,6.15409732063199e-08,0.9994592070579529,1.232117369909247e-06,0.00015220466593746096,0.00017854550969786942,0.00019790820078924298
7.0,8.572939805162605e-06,1.7214802937814966e-05,0.005900843534618616,0.00890092458575964,1.6441694672408858e-09,0.00012281723320484161,5.606126433121972e-05,0.9817829728126526,0.003210503840819001,9.045192150836101e-09
5.0,0.0001024984594550915,2.6660291041480377e-06,5.941669911635472e-08,1.182462256110739e-06,3.6251267943043786e-07,0.9922335147857666,2.710146873141639e-06,0.00633637048304081,0.00016884687647689134,0.0011518218088895082
7.0,0.00040630792500451207,6.783006392652169e-05,0.002619388746097684,0.0012077235151082277,2.4106634555209894e-07,0.007178192958235741,0.00014582430594600737,0.9843471050262451,0.004024117719382048,3.2783227652544156e-06
3.0,0.0018736327765509486,9.918162504618522e-07,1.392478407069575e-05,0.9979637861251831,0.00011672073014779016,1.3534489880839828e-05,1.9949118268414168e-06,2.805624717439059e-06,2.537357431720011e-06,1.0021681191574316e-05
4.0,1.2413048580128816e-06,2.2083017636731483e-09,4.824561983696185e-05,6.664673855993897e-05,0.9992313385009766,1.1918463993509931e-09,0.0006524296477437019,8.772405545032225e-12,2.4692322853070436e-08,9.79793299987243e-14
9.0,1.1583088053157553e-05,8.26421864275062e-09,2.180606806234664e-08,2.558815310749196e-07,0.0021163697820156813,0.0030163158662617207,3.165842343832992e-08,0.00028656324138864875,6.014521325425903e-09,0.9945688247680664
7.0,1.9619939848780632e-05,5.3213557293929625e-06,0.00034078271710313857,0.0034096557646989822,1.4677188353573456e-09,0.00023026810958981514,4.1482699089101516e-06,0.9957435727119446,0.0002464267599862069,1.1956038292737503e-07
5.0,3.366121381986886e-05,2.236786400544588e-07,5.7055103752645664e-08,1.234012643180904e-06,1.3189521723688813e-06,0.9984434247016907,3.5313016724103363e-06,0.0008454567869193852,4.897262260783464e-05,0.000622115156147629
5.0,2.9529639959946508e-06,1.331849386332351e-08,3.909057795681292e-06,1.667798642301932e-05,8.154237889357319e-07,0.9923079013824463,0.0006214033928699791,1.2979639905097429e-05,0.0070330980233848095,1.709343280253961e-07
3.0,0.0465087965130806,5.288470856612548e-05,3.191298674209975e-05,0.9530567526817322,0.00015620999329257756,3.29495087498799e-05,1.0667545211617835e-05,0.00013455732550937682,8.674761375004891e-06,6.673993993899785e-06
3.0,5.656733628711663e-05,1.3511559018297703e-06,0.0004242105642333627,0.9990478157997131,3.3110615049736225e-07,8.134436029649805e-06,4.637165147869382e-06,0.00042565283365547657,3.117727828794159e-05,1.4786900237595546e-07
0.0,0.9253802299499512,0.05916815996170044,4.787679230844333e-08,0.008777003735303879,1.846342989608729e-08,0.0003801210841629654,5.220684329287906e-07,0.0010656678350642323,0.0004616072110366076,0.004766666796058416
1.0,0.27137818932533264,0.7280091047286987,5.776105704846657e-10,5.613858957076445e-05,2.0247637166903587e-06,9.79869673756184e-06,8.42071221995866e-06,4.9748174468788875e-09,0.00017729490355122834,0.0003590193227864802
4.0,7.780637645282695e-08,7.32372010259219e-11,4.778710263053654e-06,6.041843221282761e-07,0.9980192184448242,1.3795074416123043e-08,0.0019753193482756615,3.682314869690728e-12,9.280742396811092e-09,1.048508288791503e-14
3.0,0.012955916114151478,2.5521432689856738e-05,3.7417779822135344e-05,0.9868507981300354,5.5018728744471446e-05,6.505355486297049e-06,4.881927452515811e-06,5.752237848355435e-05,4.602968601830071e-06,1.7759517731974483e-06
4.0,9.56292660703184e-06,6.137517161164396e-09,1.55538350554707e-06,0.00016054348088800907,0.9997352957725525,1.4281693605511236e-09,9.308413427788764e-05,7.514813424314148e-12,8.115024208166233e-09,3.334264938800735e-12
9.0,3.909682163794059e-06,9.156633784535018e-10,3.284170851935997e-11,2.581066951279354e-07,5.0945960538228974e-05,0.0001722804008750245,8.741384005528374e-11,2.8834456315962598e-06,1.520990625114571e-11,0.9997697472572327
7.0,1.028667142577433e-07,7.414021752083499e-07,0.01145397499203682,0.008048862218856812,2.807837573559624e-10,4.0585268834547605e-06,1.8646982425707392e-05,0.9803577065467834,0.00011588343477342278,4.328421648880365e-11
2.0,1.8793791241478175e-05,6.879674401716329e-06,0.9744240641593933,0.0005591431981883943,1.1878669283760246e-05,1.0538772585277911e-05,0.00064180011395365,0.024036148563027382,0.0002907516900449991,3.3007725441791536e-09
0.0,0.9963494539260864,0.001528415596112609,3.261467895754322e-08,0.0010644416324794292,0.000563714827876538,0.0001026332174660638,0.00021172060223761946,3.1580920989426886e-08,0.00012856759713031352,5.105824675410986e-05
6.0,7.478425686713308e-05,4.010782049590489e-06,0.00038360810140147805,3.778538666665554e-05,0.0032542983535677195,2.9839818580512656e-06,0.9929628968238831,5.075369013951558e-09,0.0032796082086861134,5.498332366661585e-13
0.0,0.2066190093755722,0.7899982333183289,1.9754979874164746e-09,0.0006089464877732098,1.7905203986146034e-09,1.3009417671128176e-05,6.551289999379151e-08,1.253885420737788e-05,0.00011963910947088152,0.002628578804433346
2.0,2.4736880277487217e-06,6.363307534229534e-07,0.9878117442131042,0.003995227161794901,1.0714303471104358e-06,3.5609376936918125e-05,0.002346645575016737,0.0024329102598130703,0.003373730694875121,3.9918252037196567e-10
7.0,1.3182284419599455e-07,3.9197638557197934e-07,0.0036334756296128035,0.12733674049377441,7.623350284369224e-10,3.2797317999211373e-06,1.0295936590409838e-05,0.8690019845962524,1.3712533473153599e-05,1.0676097506046034e-10
6.0,0.0008317207102663815,1.4868455764371902e-05,0.0003164268855471164,0.0016877598827704787,0.11899372935295105,2.9073303267068695e-06,0.876105010509491,3.0586160271184326e-09,0.0020475955680012703,1.1318715062436091e-11
6.0,1.9851382759839e-09,2.7903573548981875e-12,0.000276475417194888,4.3151495709992105e-09,0.06227470561861992,4.486104808165692e-05,0.9373952746391296,1.1871556515608006e-10,8.75436126079876e-06,1.3279652442792222e-13
4.0,0.00014782068319618702,4.2877493910964404e-07,0.00010400135943200439,0.0012295438209548593,0.9660944938659668,2.2638808161445922e-07,0.032409776002168655,5.125759261481733e-10,1.3736895198235288e-05,6.265848083442105e-12
4.0,3.921407643048269e-09,5.377471471584849e-12,0.004166784230619669,1.759285055413784e-07,0.8850154280662537,0.03257227689027786,0.07816227525472641,1.4354739050759235e-06,8.168249041773379e-05,2.9577099880384594e-08
0.0,0.2928824722766876,0.7058932185173035,4.327747493704237e-09,0.00019434485875535756,1.703497929383957e-07,2.313730146852322e-05,6.947607744223205e-06,1.94500117345342e-07,0.0009156125597655773,8.393399912165478e-05
4.0,0.008399090729653835,2.206746648880653e-05,0.00012089050869690254,0.011523612774908543,0.8218238949775696,3.2787224881758448e-06,0.1577840894460678,4.133681841267389e-09,0.0003230366564821452,5.624501420165018e-10
8.0,0.014250499196350574,0.00022354151587933302,5.861950853613962e-07,0.00039965217001736164,1.720386308079469e-06,0.01944708824157715,0.004789456725120544,3.8215108588701696e-07,0.960884690284729,2.405990926490631e-06
1.0,0.03152548521757126,0.9683483242988586,1.2602484333879005e-10,5.195792255108245e-06,1.2018033146432572e-07,1.5347427506640088e-06,2.1585151444014627e-06,1.2950855943216766e-09,8.498456736560911e-05,3.222443046979606e-05
3.0,0.0005199519800953567,1.5860736368722428e-07,1.1803083452832652e-06,0.999150276184082,0.0003102659829892218,2.1091828728003748e-07,9.824933755453458e-09,5.638658421958098e-06,1.4776699863716658e-09,1.2420312486938201e-05
6.0,0.0005809543072246015,9.126131772063673e-05,0.00035886658588424325,0.0004110019654035568,0.005561586003750563,1.1924364571314072e-06,0.9847538471221924,3.278409099749524e-09,0.008241299539804459,3.6272081258698075e-12
4.0,3.478440078197309e-07,8.079331648147559e-10,3.598062903620303e-05,6.300889072008431e-05,0.9997757077217102,1.2517707703718628e-10,0.00012492631503846496,3.3641494538022565e-12,2.7197388785538124e-09,4.29570726320945e-14
0.0,0.9902501702308655,0.008202383294701576,4.697126243513594e-09,0.0012196534080430865,8.012187026906759e-05,2.837489955709316e-05,1.0026496056525502e-05,4.6256822372470197e-08,2.089241024805233e-05,0.00018836103845387697
3.0,0.025351708754897118,2.9050715966150165e-05,3.4841086744563654e-05,0.974321186542511,0.00012780378165189177,1.2758353477693163e-05,5.6661738199181855e-06,0.00010965016554109752,3.0789035463385517e-06,4.270783847459825e-06
6.0,0.0001279660500586033,4.336923211667454e-06,0.00031862332252785563,0.00022855811403132975,0.036894604563713074,1.1952512295465567e-06,0.9610931873321533,1.5012487919463524e-09,0.0013315121177583933,7.381910837808703e-13
2.0,5.0055852796049294e-08,5.829837945725558e-09,0.9643383026123047,0.019742611795663834,1.7641930298850639e-06,0.00013245001900941133,0.002772896783426404,0.012922399677336216,8.958991384133697e-05,5.488111701201781e-11
1.0,0.02229020558297634,0.9751262068748474,4.8393551388414835e-09,0.00013512989971786737,4.124056998677794e-12,9.065665835805703e-06,1.291817230963943e-08,0.000911240407731384,0.0007217447855509818,0.000806458992883563
8.0,7.251245733641554e-06,1.878441366898187e-06,9.307307209382998e-07,5.443036457108974e-07,3.2665099070072756e-08,9.919291915139183e-05,0.012481831945478916,2.3321407027765417e-09,0.9874083995819092,6.453795397404205e-12
7.0,2.988574351547868e-06,4.291673121770145e-06,0.0010453856084495783,0.0063512749038636684,6.168174304654883e-10,6.781916454201564e-05,1.2265114492038265e-05,0.9920055270195007,0.000510442943777889,4.8611483727256655e-09
2.0,5.91020034335088e-06,6.891060820635175e-06,0.9749782085418701,0.003238590667024255,2.007405726089928e-07,1.9416074792388827e-05,0.0016682797577232122,0.007730240933597088,0.012352288700640202,4.5304007767477117e-10
9.0,1.2683776731137186e-05,2.9459855795721523e-05,1.5575683879431423e-16,2.1016344220470273e-08,2.2359780585227973e-13,6.906968508246791e-08,1.086463581048084e-14,1.3173626633999902e-09,1.372245650443915e-10,0.999957799911499
0.0,0.9664648771286011,0.030917391180992126,2.7926351009455175e-08,0.002271884586662054,6.199453491717577e-05,1.8162018022849225e-05,6.382662832038477e-05,5.418907278453844e-08,0.00017221277812495828,2.9551056286436506e-05
0.0,0.9819338917732239,0.00493223499506712,3.768719381014307e-08,0.010417387820780277,4.311680754653935e-07,0.00015406600141432136,7.527245884375589e-07,5.4993524827295914e-05,4.459078627405688e-05,0.0024615777656435966
9.0,3.310936335765291e-06,9.293750213856811e-10,3.940841522467181e-13,1.0834236974233136e-07,1.4158774774841731e-06,6.488913186331047e-06,2.568580114228891e-12,1.1200818050838279e-07,8.909869370077317e-13,0.9999885559082031
9.0,1.3661478078574874e-05,2.721836533936539e-09,9.473885434832519e-13,6.195063519953692e-07,2.8328211101324996e-06,2.156059599656146e-05,9.73987817481925e-12,3.3549702038726537e-07,4.0188729080736785e-12,0.9999610185623169
3.0,0.044493697583675385,6.13219162914902e-05,4.488349804887548e-05,0.9548083543777466,5.5433978559449315e-05,6.402708822861314e-05,9.075473826669622e-06,0.00043623227975331247,1.5360687029897235e-05,1.1603868188103661e-05
6.0,0.00038273242535069585,7.42003830964677e-05,0.0005545257590711117,0.0005175743135623634,0.021028416231274605,8.935750201999326e-07,0.971782386302948,3.5054923408495142e-09,0.005659275688230991,1.7419377572325256e-12
5.0,0.00012253057502675802,2.5172778350679437e-06,2.0564828062674678e-08,7.434299504893715e-07,6.427882794923789e-07,0.9909022450447083,1.506779540250136e-06,0.005300777032971382,5.643648546538316e-05,0.0036125481128692627
5.0,0.00011875535710714757,3.123181841147016e-06,2.0770501123479335e-06,2.2202359559742035e-06,0.00010738673154264688,0.9461666941642761,2.2253710994846188e-05,0.04805319383740425,7.418844325002283e-05,0.005450114607810974
4.0,6.275505626263111e-08,5.951717590990668e-11,5.4107247706269845e-05,7.668523238635316e-08,0.9750998020172119,1.678695014106779e-07,0.024845698848366737,1.501524078684202e-11,4.838820188979298e-08,2.3333555411193113e-14
6.0,1.9623029867688047e-09,3.154559079232566e-12,0.0011171798687428236,2.879214200390834e-08,0.0553131178021431,0.0001043061856762506,0.9434547424316406,1.080782463525054e-09,1.061585862771608e-05,4.965182453554873e-13
4.0,2.9478053420461947e-06,9.88366188892087e-09,0.0002438518131384626,0.00014407110575120896,0.9978430271148682,3.040121265840412e-09,0.0017659253207966685,5.219705570547184e-11,1.0133405226042669e-07,1.4943456899414037e-13
7.0,1.0233970471063003e-07,1.0727763992690598e-06,0.022113846614956856,0.0038930894806981087,2.5047225404861706e-10,7.161456323956372e-06,2.435309397696983e-05,0.9734729528427124,0.00048736625467427075,4.7569715527773226e-11
7.0,9.883240272756666e-05,1.1344213817210402e-05,0.0013967177364975214,0.0021129806991666555,5.0593715883451296e-08,0.005065100267529488,3.904964614775963e-05,0.9895210266113281,0.0017537468811497092,1.1465305078672827e-06
7.0,0.0002620641025714576,4.558693035505712e-05,0.0027105996850878,0.0007007205276750028,4.978381298315071e-07,0.0049886214546859264,0.000122006495075766,0.9893248677253723,0.0018415008671581745,3.5557125102059217e-06
8.0,0.007607067469507456,0.0002633299445733428,4.932543902214093e-07,0.00042244416545145214,5.316227884577529e-07,0.008588948287069798,0.0033445621374994516,2.301846677710273e-07,0.9797709584236145,1.3323407301868428e-06
1.0,0.7886573672294617,0.20460137724876404,5.579014139556193e-09,0.002474964829161763,4.156583344183673e-08,0.00012369985051918775,4.1990330146290944e-07,2.4948758436948992e-05,0.0002266258088639006,0.0038905113469809294
0.0,0.6832678914070129,0.3147699534893036,1.4892660438192706e-08,0.0013964709360152483,2.5262545477744425e-07,2.7266058168606833e-05,4.24724021286238e-06,2.146329279639758e-06,0.00038973684422671795,0.00014201139856595546
9.0,3.0048144253669307e-05,1.1117324305587317e-07,1.7256790840747271e-07,1.590846920862532e-07,0.001905288896523416,0.01945229433476925,4.944919851368468e-07,0.002527937525883317,4.2668708033488656e-07,0.9760830402374268
5.0,2.9200236895121634e-06,6.342194769359821e-09,6.001089332130505e-06,1.9300352505524643e-05,7.437543899868615e-06,0.9941734671592712,0.0021880315616726875,3.2835562251420924e-06,0.003599428338930011,9.32531776243195e-08
5.0,4.079452992300503e-05,3.2903162150432763e-07,1.0433720554203774e-08,6.611900289499317e-07,5.704284262719739e-07,0.9971170425415039,1.1116228506580228e-06,0.0007863632636144757,3.411619400139898e-05,0.0020190617069602013
4.0,1.1831006304419134e-05,2.00221013102464e-08,3.865422331728041e-05,0.0001566731370985508,0.9937177896499634,4.59085640613921e-08,0.006074384320527315,9.292148994699545e-11,6.039762752152456e-07,6.726817453756029e-13
7.0,4.133887614443665e-06,5.994788807583973e-07,5.370599319576286e-05,0.007518630009144545,1.0068600397872274e-09,0.0004174706700723618,3.4876554764196044e-06,0.991927981376648,7.388731319224462e-05,3.240115020730627e-08
9.0,7.143733455450274e-06,1.5789562990420336e-09,8.452094818305056e-13,3.667222472358844e-07,2.6260208869643975e-06,1.7580128769623116e-05,6.482093507786946e-12,2.905075859871431e-07,2.5696938067004682e-12,0.9999719858169556
0.0,0.9227456450462341,0.05232275649905205,2.8103430693704468e-08,0.006604783236980438,8.388242100920706e-09,0.00042761705117300153,1.8510503707602766e-07,0.0025705958250910044,0.0002640330349095166,0.01506437174975872
3.0,1.5425899846377433e-06,3.598955515826674e-07,0.5113391876220703,0.48217397928237915,8.497739827362238e-07,3.97043586417567e-05,0.0030347316060215235,0.0010979524813592434,0.002311678370460868,4.202052872326334e-10
8.0,7.030025273024876e-08,4.24044060309825e-07,0.006833384744822979,1.8853037545341067e-05,5.843216466239198e-10,2.3569375116494484e-05,0.0016997315688058734,1.082987819245318e-05,0.9914131164550781,1.4845925053533215e-12
6.0,6.6430154710417355e-09,2.5405377454545963e-11,0.017909012734889984,3.083929414060549e-07,0.13770540058612823,0.003211671719327569,0.8409358263015747,6.703743338221102e-07,0.00023712952679488808,4.883156656809717e-10
7.0,3.12200154439779e-06,6.37987386653549e-06,0.005365406628698111,0.004214626271277666,1.2478682531735785e-09,0.0001066965123754926,4.2966537876054645e-05,0.9885552525520325,0.0017055299831554294,3.828377170833619e-09
2.0,1.252488175396138e-07,1.8022614511892243e-08,0.9135127067565918,0.07795415818691254,1.2926193448947743e-06,1.641201197344344e-05,0.000413103261962533,0.008041966706514359,6.030307849869132e-05,1.5520042195849015e-10
6.0,9.704622061690316e-05,8.313830221595708e-06,0.00020694978593382984,0.0001682322908891365,0.006177958566695452,5.375668479246087e-07,0.9897992610931396,3.943805282347057e-10,0.003541662124916911,4.0536050536187085e-13
9.0,0.019641397520899773,8.129087291308679e-06,8.979694765542945e-11,0.0034027905203402042,1.1201520919712493e-06,3.256606578361243e-05,5.834793204151367e-10,2.0634202257951983e-07,2.708159563269419e-08,0.9769136309623718
3.0,0.0004467633552849293,1.1668586097357547e-07,7.835558335500536e-07,0.9957935810089111,0.0011881205718964338,3.6724294716350414e-08,6.391199236510658e-10,4.766484835272422e-06,3.6941179282212744e-11,0.002565875416621566
2.0,8.535291271982715e-06,3.989000560977729e-06,0.9889528751373291,0.0009640810894779861,1.0382981372458744e-06,9.034592949319631e-06,0.0005682353512383997,0.008303910493850708,0.0011883407132700086,1.0047059850748497e-09
5.0,9.006310392578598e-06,3.1872382066922e-08,9.260446631742525e-07,1.84581040230114e-05,9.75487978394085e-07,0.9983402490615845,0.00014393067976925522,4.3010531953768805e-05,0.0014408923452720046,2.536396095820237e-06
1.0,0.003121454268693924,0.9966949224472046,1.244334746353104e-09,9.80838649411453e-06,6.221082676782785e-12,4.2932890664815204e-07,2.0369716580148634e-08,2.0125185073993634e-06,0.00015769197489134967,1.3702180694963317e-05
5.0,8.575241736252792e-06,1.0605760714099688e-08,1.0962545360371223e-07,5.932496605964843e-06,3.3855740184662864e-06,0.999240517616272,7.94905427028425e-05,2.084057769025094e-06,0.0006518196314573288,8.122725375869777e-06
1.0,0.43512165546417236,0.5633755326271057,2.11317763287866e-09,0.0006917345453985035,1.0914002501749565e-07,3.287820072728209e-05,7.79346521539992e-07,1.4083560699873487e-06,0.00018651742720976472,0.0005893682828173041
6.0,0.004644196946173906,6.929448136361316e-05,8.604457252658904e-05,0.0004377564473543316,0.01682533137500286,0.0002320048661204055,0.9606000185012817,1.357076371277799e-07,0.017105286940932274,2.2681551081760176e-10
4.0,9.622563993616495e-06,5.323915175381444e-08,0.00011185722541995347,0.0008321708883158863,0.9983804225921631,4.394590247258634e-10,0.0006657731137238443,2.3598616116782267e-11,7.368607413127393e-08,5.68800106841294e-13
7.0,0.0001025612436933443,4.1367609810549766e-05,0.015990806743502617,0.003581847995519638,5.1323425509508525e-08,0.0019855755381286144,0.00027777976356446743,0.964817225933075,0.01320264395326376,2.237716500985698e-07
0.0,0.9858533143997192,0.010347188450396061,6.990744871870902e-09,0.0031332247890532017,1.9692170099006034e-06,5.8877634728560224e-05,1.2772898116963916e-06,2.3894156129244948e-06,2.786115146591328e-05,0.0005738387117162347
4.0,5.697324279019256e-10,1.3968023244124994e-13,6.508770638902206e-06,7.640686000565111e-11,0.966943621635437,4.447528226592112e-06,0.0330452062189579,1.218775839799402e-12,2.2371541774646175e-07,1.6171583386639932e-12
0.0,0.9648507237434387,0.02735329046845436,3.558773720158115e-09,0.0033217358868569136,5.233074489296996e-07,3.573527283151634e-05,3.6595758956536883e-07,1.2522931456260267e-06,2.658557059476152e-05,0.0044097560457885265
5.0,1.7862405002233572e-05,9.998232286534403e-08,1.4770697021049273e-07,2.435811666146037e-06,7.400464596685197e-07,0.9990872144699097,3.886327249347232e-05,5.6665026932023466e-05,0.0007845481741242111,1.1494722457427997e-05
9.0,3.11430158035364e-05,0.00017838779604062438,2.6910940830406527e-16,1.3196354586852976e-07,3.5487099370179465e-12,4.715151646905724e-08,3.4929090869662005e-14,3.399135140025322e-10,1.2739173604892073e-10,0.999790370464325
7.0,4.147656795794319e-07,1.9904916825908003e-06,0.004867032635957003,0.00504433736205101,3.087556044167883e-10,4.012918361695483e-05,2.1614385332213715e-05,0.9889047741889954,0.001119750551879406,4.3742459654438903e-10
7.0,2.621444764372427e-06,4.719996013591299e-06,0.0012181885540485382,0.0025465190410614014,4.2855269333230694e-10,4.989635635865852e-05,9.453086022404023e-06,0.9956082701683044,0.0005603199824690819,4.937442898977906e-09
0.0,0.9858322143554688,0.0010843172203749418,3.608947451994027e-08,0.0028062178753316402,0.009968170896172523,2.8833352189394645e-05,0.00020360438793431967,5.575652828326838e-09,3.144550646538846e-05,4.5114713429939e-05
2.0,6.451204626500839e-06,1.1965893236265401e-06,0.9759380221366882,0.00720612145960331,1.704424335002841e-06,8.803596574580297e-05,0.0044527072459459305,0.0020245842169970274,0.010281148366630077,8.289910424785774e-10
5.0,3.472535536275245e-05,3.9558446474075026e-07,6.148433584485247e-08,1.176774276245851e-06,4.609676693689835e-07,0.9980691075325012,3.3435505883971928e-06,0.001394653576426208,0.00010821627802215517,0.0003878048446495086
6.0,1.7342694391686564e-08,8.334815476684909e-11,0.019763842225074768,4.451131871974212e-07,0.14325585961341858,0.006033445242792368,0.8303535580635071,1.904411988107313e-06,0.0005909873289056122,2.1911628067528e-09
7.0,0.00011574675590964034,8.803292985248845e-06,0.003904985496774316,0.002130008302628994,4.196509451048769e-07,0.007336358539760113,0.00015694068861193955,0.9852901697158813,0.0010552252642810345,1.240122060153226e-06
5.0,3.5225588362663984e-05,4.568175171471012e-08,8.323713274194233e-08,1.2501942364906427e-05,3.24465486301051e-06,0.9992283582687378,5.800864164484665e-05,5.824814707011683e-06,0.000625420652795583,3.127932359348051e-05
9.0,9.09168284124462e-06,5.897534904875101e-09,5.902970556803666e-09,2.218521331087686e-07,0.0008592237718403339,0.0021788892336189747,1.03510089388692e-08,0.0001583247649250552,2.1192709809270127e-09,0.9967941641807556
1.0,0.06838501244783401,0.9309670329093933,2.2153008316649903e-09,3.81433819711674e-05,3.628898355145793e-07,2.912765239670989e-06,1.5187852113740519e-05,7.65932561819227e-09,0.0005841840174980462,7.12501741872984e-06
9.0,8.88061367732007e-06,3.871541753852625e-09,9.353636976072721e-09,3.5075905202575086e-07,0.002008371753618121,0.0018859115662053227,1.1853821924034946e-08,0.00013130060688126832,1.6127539304022775e-09,0.9959651231765747
6.0,0.001021597650833428,6.389084592228755e-05,0.000389031512895599,0.002898165723308921,0.057611383497714996,1.432047383786994e-06,0.9320911765098572,1.7675085839385929e-09,0.005923358723521233,1.1539422195561144e-11
3.0,0.061120666563510895,8.113740477710962e-05,2.9881339287385345e-05,0.9383461475372314,9.787290764506906e-05,7.969428406795487e-05,1.4309533980849665e-05,0.00019258235988672823,2.7255260647507384e-05,1.0442703569424339e-05
7.0,0.0002790267171803862,6.723196565872058e-05,0.021374152973294258,0.0006199076888151467,1.4408934475795832e-05,0.0027646534144878387,0.0008520923438481987,0.9718962907791138,0.0021299119107425213,2.293626721439068e-06
0.0,0.9684427976608276,0.02965673990547657,1.9549499796767122e-08,0.0015090119559317827,3.656124681583606e-05,3.950782411266118e-05,5.70486081414856e-05,1.2516674985363352e-07,0.00022957459441386163,2.855580714822281e-05
9.0,9.157552085525822e-06,1.1126032317676504e-09,1.742070571998655e-13,8.392010499846947e-07,3.2418281534773996e-06,1.3984997622173978e-06,1.331251732114569e-12,1.67158038522075e-08,2.8775568624954395e-13,0.9999853372573853
5.0,8.426978638453875e-06,3.77991860034399e-08,1.4749160072824452e-05,1.4208335414878093e-05,9.649792445998173e-06,0.8132224678993225,0.03898705542087555,8.226977001868363e-07,0.14774255454540253,5.614576359391776e-09
3.0,0.009162365458905697,5.724174116039649e-06,5.404839157563401e-06,0.99069744348526,0.00010046646639239043,3.534581537678605e-06,6.07035701705172e-07,1.4216327144822571e-05,4.231144998811942e-07,9.916364433593117e-06
1.0,0.009304801002144814,0.9905523061752319,3.546778704066611e-10,3.17231570079457e-06,1.709686059392368e-09,5.073401325716986e-07,5.666750553245947e-07,9.952941582014319e-09,0.00013457627210300416,4.148301741224714e-06
3.0,1.0358244253438897e-06,6.137440067277566e-08,0.01483864989131689,0.9835567474365234,6.580560238944599e-07,9.234475328412373e-06,4.457784234546125e-05,0.0015291546005755663,1.9849516320391558e-05,3.317707220062971e-09
6.0,5.244397016213043e-06,2.501938922705449e-08,9.169914847007021e-05,2.384222625551047e-06,0.005800602491945028,2.569032039900776e-05,0.9934485554695129,9.745896312196578e-10,0.0006258279317989945,1.9185945421360678e-13
0.0,0.9770737290382385,0.011310454457998276,9.32514954143926e-09,0.0054802619852125645,2.0162417513347464e-07,0.00019818590953946114,3.3490854889350885e-07,5.3440355259226635e-05,3.9148726500570774e-05,0.0058441804721951485
1.0,0.3605707883834839,0.6210724115371704,1.1180831904766819e-07,0.005985647439956665,4.2497708130362355e-10,8.513359352946281e-05,2.076523912819539e-07,0.007603502366691828,0.0017492976039648056,0.002932837465777993
1.0,0.18777240812778473,0.8116353154182434,4.018728017030071e-09,0.0001974476472241804,6.7630421654030215e-06,3.031400410691276e-06,2.506781675037928e-05,5.3798685506478705e-09,0.0003393230144865811,2.0633522581192665e-05
2.0,8.952169139320176e-08,8.10985056887148e-09,0.9122519493103027,0.06779409945011139,2.2345109300658805e-06,0.00015794394130352885,0.003152733203023672,0.016567086800932884,7.395429565804079e-05,9.008285090095214e-11
6.0,7.87157696322538e-05,8.388544301851653e-06,0.0002964125305879861,3.797736280830577e-05,0.0014447082066908479,1.7144573121186113e-06,0.9925084710121155,3.104440704504441e-09,0.0056236558593809605,4.3685701215344375e-13
3.0,0.000166064957738854,8.380122267226398e-07,0.00029214713140390813,0.99946528673172,1.222756145580206e-05,7.913454282970633e-06,1.5987232472980395e-05,7.097032266756287e-06,3.22408159263432e-05,1.8182596761562309e-07
6.0,1.2872639842953504e-08,1.487544809553043e-11,0.00038834105362184346,1.8946671787034575e-08,0.100163035094738,4.174808782408945e-05,0.8993978500366211,2.056129849714594e-10,8.933202479965985e-06,5.427297066623593e-13
2.0,8.797415489425475e-07,6.670211405435111e-08,0.987087607383728,0.010025267489254475,3.88517173632863e-06,5.643325039272895e-06,0.002267656847834587,5.603289537248202e-05,0.0005530333146452904,7.716228350718168e-11
7.0,7.59600379751646e-06,1.6316499795721029e-06,0.002280422253534198,0.014648876152932644,7.232900500753203e-09,0.00020064030832145363,1.867491846496705e-05,0.982646107673645,0.00019601228996179998,2.6972490019261386e-08
1.0,0.033155474811792374,0.9665648937225342,6.402603447419608e-10,1.0660260159056634e-05,3.948234628126102e-09,2.0308609691710444e-06,7.934231689432636e-07,3.7107586337015164e-08,0.0002420532691758126,2.3952326955622993e-05
8.0,2.7624330414255382e-06,2.547826625232119e-05,5.328749352884188e-07,3.807965924806922e-07,1.607893485022771e-09,3.056142759305658e-06,0.002817475004121661,4.185098656517283e-10,0.9971503615379333,2.50132293350136e-12
1.0,0.08389990776777267,0.9157742261886597,3.92738008780924e-10,2.7116400815430097e-05,6.211585912296869e-08,6.8032836679776665e-06,1.4019595937497797e-06,2.3321321762637126e-08,0.0001848212705226615,0.000105633182101883
9.0,1.3791526725981385e-05,3.1419538082388954e-09,4.680523546865545e-13,4.5836085860173625e-07,1.3558563978222082e-06,1.506899297964992e-05,6.043375869180245e-12,2.3678654770264984e-07,3.420240219514925e-12,0.9999691247940063
8.0,5.342255917639704e-06,5.009322649129899e-06,6.143825999060937e-07,5.300507837091573e-07,8.165030318529887e-10,3.108688542852178e-05,0.0011119786649942398,6.587196121898842e-09,0.9988453388214111,2.1663821778150627e-11
7.0,4.3327113417035434e-06,1.204583440994611e-06,8.396525663556531e-05,0.0015703568933531642,3.2322142184959546e-10,0.0001475092867622152,1.6676109453328536e-06,0.9981216788291931,6.926827336428687e-05,3.707862816781926e-08
5.0,1.4539114090439398e-05,1.4488224842068576e-08,1.150526927062856e-07,1.3918588592787273e-05,4.362399522506166e-06,0.9992764592170715,8.988337503978983e-05,2.5291781184932915e-06,0.0005828449502587318,1.5389146938105114e-05
1.0,0.013159239664673805,0.9867435693740845,1.5500557781766844e-10,9.157099157164339e-06,9.666722977641484e-10,1.1939539490413154e-06,9.206625151136905e-08,6.120839657342003e-08,5.981820140732452e-05,2.6943178454530425e-05
1.0,0.002188862767070532,0.9976679682731628,3.9995556866401216e-10,6.0499351093312725e-06,1.0087676137124357e-12,4.302680451928609e-07,4.0751140240047334e-09,5.296580638969317e-06,8.814536704448983e-05,4.313711906434037e-05
0.0,0.9848833680152893,0.0008751954883337021,3.713635976509977e-08,0.002133248606696725,0.011701138690114021,4.561928290058859e-05,0.00028901867335662246,8.108986371269111e-09,3.747021401068196e-05,3.4968641557497904e-05
5.0,5.219550985202659e-06,5.6480683241488805e-08,8.27529689217954e-09,3.1417101808983716e-07,6.264482266260529e-08,0.9994300007820129,3.056680498048081e-06,4.6730296162422746e-05,0.0004778793081641197,3.669656143756583e-05
3.0,0.006329348776489496,7.0361647885874845e-06,6.606912211282179e-05,0.993259608745575,8.334383164765313e-05,0.00012188904656795785,1.3386145838012453e-05,9.055597911356017e-05,1.897434049169533e-05,9.720562047732528e-06
8.0,5.4353559875153223e-08,1.928412984852912e-07,0.016118712723255157,2.0689249140559696e-05,2.0364736563749375e-09,3.4619137295521796e-05,0.004314932506531477,5.1741521929216105e-06,0.9795056581497192,6.659761717792145e-13
8.0,3.5595705867308425e-06,5.044038061896572e-06,8.505841719852469e-07,5.837600269842369e-07,7.072997187940189e-10,1.8793225535773672e-05,0.001389122218824923,4.736151026918378e-09,0.998582124710083,1.0518141045634533e-11
8.0,0.00033298012567684054,5.147931460669497e-06,6.97359439527645e-07,1.8072394595947117e-05,5.948045895820542e-07,0.014086908660829067,0.011255343444645405,6.49233200533672e-08,0.97430020570755,1.4861628372386804e-08
5.0,2.09268691833131e-05,1.6635608801607304e-07,1.3714591240443497e-08,4.568913709590561e-07,5.477475610859983e-07,0.9984709620475769,1.6468375179101713e-06,0.0005200066952966154,3.840764838969335e-05,0.000946820538956672
9.0,3.255334013374522e-05,1.290769233719402e-07,2.153980602770389e-07,1.635105917330293e-07,0.002118296455591917,0.022957125678658485,6.284018922997348e-07,0.0029851780273020267,6.026171490702836e-07,0.9719050526618958
4.0,4.602854764002018e-10,1.0307431449162185e-13,3.1131885407376103e-06,5.89700510644775e-11,0.9730916023254395,4.9710388339008205e-06,0.026900194585323334,8.241915721955706e-13,1.2966684437287768e-07,1.3654379276556439e-12
5.0,6.268322613323107e-05,8.642672355563263e-07,1.5022058263980398e-08,5.536756475521543e-07,4.638856694327842e-07,0.9971374273300171,1.5864005717958207e-06,0.0012720448430627584,6.06889916525688e-05,0.001463721040636301
9.0,0.00048670751857571304,6.028252391843125e-05,2.958452642479008e-14,1.7450181530875852e-06,4.057359309639352e-11,1.8054022348223953e-06,1.201922025448332e-12,2.3653905500964356e-08,4.692864319366663e-09,0.9994494318962097
8.0,0.005458274390548468,0.00011284374340903014,1.6553777015815285e-07,5.610430525848642e-05,7.038270837256277e-07,0.020975328981876373,0.003193211043253541,1.45152228014922e-07,0.9702020883560181,1.0580093885437236e-06
1.0,0.3020098805427551,0.6974654197692871,3.581254737206052e-10,4.2645569919841364e-05,1.5840308833503514e-06,1.5000858184066601e-05,5.322855486156186e-06,1.1017652568057201e-08,0.00012412753130774945,0.00033601964241825044
4.0,0.00968189351260662,4.927000554744154e-05,0.00039260296034626663,0.015241464599967003,0.6809903979301453,2.3630527721252292e-06,0.29313382506370544,6.809356634107644e-09,0.0005081715644337237,3.88662241279647e-10
8.0,2.5203664790751645e-06,1.5184273252089042e-06,3.5970404042018345e-06,8.876661468093516e-07,5.2398925198815505e-09,3.0399958632187918e-05,0.005710041616111994,5.438524297574077e-09,0.994251012802124,3.079335397782046e-12
1.0,0.0663757249712944,0.933245837688446,2.1173474085145472e-10,3.432656012591906e-05,1.0099532765650565e-08,7.199019364634296e-06,2.3712932772923523e-07,1.0598910904491277e-07,9.498488361714408e-05,0.0002415093476884067
3.0,0.0046753897331655025,4.31620173912961e-06,1.052734751283424e-05,0.9952006340026855,7.79715774115175e-05,2.9463878945534816e-06,6.898662263665756e-07,2.3798953407094814e-05,4.814517637896643e-07,3.13875329993607e-06
4.0,9.250517905456945e-06,2.2881964767407226e-08,7.562212704215199e-05,0.0002297643368365243,0.9939716458320618,1.5648492279751736e-08,0.00571313826367259,6.090337262287804e-11,5.505021931639931e-07,3.544661038214908e-13
5.0,2.5145861854980467e-06,1.7186165379712293e-08,2.8921601824549725e-06,1.4341822861752007e-05,3.272888307037647e-07,0.9927506446838379,0.00034674775088205934,3.273519178037532e-05,0.0068495869636535645,2.410720867374039e-07
2.0,2.0850857254117727e-05,1.7361982827424072e-05,0.9658752083778381,0.0013308823108673096,9.339065627500531e-07,1.093845821742434e-05,0.00045123774907551706,0.030711304396390915,0.0015812533674761653,2.2773867236480783e-09
9.0,1.836073352023959e-05,4.8721066292500836e-08,4.4111629904364236e-08,1.1050304493664953e-07,0.00084225635509938,0.008417276665568352,1.227668207093302e-07,0.0009646911057643592,7.895022946513564e-08,0.9897570610046387
6.0,1.8874898159992881e-06,6.11037531683678e-09,9.374180808663368e-05,6.184962444422126e-07,0.02925407513976097,1.1360280041117221e-05,0.9705605506896973,4.029160893814776e-10,7.779068982927129e-05,6.657574610959699e-14
0.0,0.9038518071174622,0.0004443643556442112,1.1444038250374433e-07,0.004711855202913284,0.08995049446821213,9.08763540792279e-05,0.0008505002479068935,6.752745029814378e-09,6.083476182539016e-05,3.901047239196487e-05
8.0,0.0004800115420948714,6.179847332532518e-06,6.273745043472445e-07,2.1157351511646993e-05,7.469635647794348e-07,0.02439773455262184,0.009107659570872784,1.0288714946682376e-07,0.965985894203186,3.857532604456537e-08
2.0,2.669952721134905e-07,5.159749605354591e-08,0.9754834175109863,0.01628463715314865,7.047031544971105e-07,9.641295036999509e-05,0.001802281942218542,0.005125891882926226,0.0012062607565894723,1.4873588471964183e-10
1.0,0.17099148035049438,0.8281210660934448,5.26323384875127e-09,0.00016587275604251772,1.180370531983499e-06,1.0067778930533677e-05,1.9721606804523617e-05,6.558805409895285e-08,0.0006804912118241191,1.0112572454090696e-05
7.0,5.320847318301958e-09,3.520880653695713e-08,0.001335380133241415,0.0034826307091861963,2.256417795665211e-11,9.76814817477134e-07,2.482203399267746e-06,0.9951732754707336,5.2372042773640715e-06,3.861218202810823e-12
6.0,1.8270225332628343e-09,2.139097276046553e-12,0.00019784494361374527,6.554673248615472e-09,0.09750295430421829,0.00021341136016417295,0.9020787477493286,5.436293082361487e-10,6.949114776944043e-06,1.3709976079759323e-12
5.0,5.300089469528757e-06,1.4584672136663812e-08,6.568360277015017e-06,1.606147452548612e-05,9.266459528589621e-06,0.9634735584259033,0.011072334833443165,1.03608488188911e-06,0.02541581727564335,1.946418137777073e-08
2.0,8.873511433193926e-06,6.516488610941451e-06,0.9835999011993408,0.001180341700091958,5.158116778147814e-07,6.164888418425107e-06,0.0003919994633179158,0.013475131243467331,0.0013305634493008256,9.703337022770597e-10
1.0,0.010363704524934292,0.9893163442611694,1.1580750802764328e-09,3.157403989462182e-05,1.6925055107419595e-11,1.7303033246207633e-06,1.851648434580966e-08,7.36387073629885e-06,0.00017081026453524828,0.00010845128417713568
7.0,3.163935252814554e-05,7.796754289302044e-06,0.0007844376377761364,0.004112070892006159,3.1555993373899582e-09,0.00023714783310424536,6.12142412137473e-06,0.9945159554481506,0.0003045587509404868,1.7656076067851245e-07
5.0,0.00010965660476358607,3.082518787778099e-06,2.9307560822644518e-08,8.397942679039261e-07,4.273036324775603e-07,0.9879431128501892,1.4485857491308707e-06,0.008673175238072872,8.972875366453081e-05,0.0031784933526068926
6.0,0.004554364364594221,3.13340533466544e-05,7.289602945093066e-05,0.0003895676927641034,0.0071972431614995,0.00026352732675150037,0.9677070379257202,6.724997803075894e-08,0.019783899188041687,4.1818826179707003e-10
5.0,3.130044569843449e-05,3.2275798389491683e-07,4.881474779949713e-08,1.0533930208111997e-06,4.720577067018894e-07,0.9983671307563782,3.2307443689205684e-06,0.0010979053331539035,9.034740651259199e-05,0.00040817211265675724
4.0,3.1317732407387666e-08,3.396255845999896e-11,3.496423960314132e-05,1.087979413227913e-07,0.9808565378189087,2.4118261165995136e-08,0.01910828985273838,2.597153178282574e-12,2.786668495957656e-08,2.7660434757410942e-15
2.0,1.0621012734191027e-05,6.130560905148741e-06,0.9846791625022888,0.0002968741173390299,6.2685735429113265e-06,4.1730590965016745e-06,0.00045758456690236926,0.014272828586399555,0.0002663018531166017,1.1581410275240955e-09
4.0,7.46568815657156e-08,8.446498361847077e-11,8.50642845762195e-06,1.1827867183455965e-06,0.9987905621528625,8.501898740576053e-09,0.0011996285757049918,5.1030360492809734e-12,7.134139501374648e-09,1.13523777103006e-14
8.0,3.654847091638658e-08,2.476284350905189e-07,0.0013350159861147404,2.2781305233365856e-06,2.1549453887992343e-10,7.482450200768653e-06,0.0007422639755532146,1.2532735809145379e-06,0.9979113936424255,4.4886043124546526e-13
6.0,6.802920893278497e-09,6.993201157046158e-12,0.00017650485096964985,1.2719544528749793e-08,0.06690631806850433,0.00010959404608001933,0.9327980279922485,1.5190770863426906e-10,9.520474122837186e-06,3.153885030741932e-13
8.0,4.616816295310855e-05,3.993818609160371e-05,5.782650305263815e-07,3.3732039810274728e-06,8.91067042374516e-09,4.321754749980755e-05,0.0034478583838790655,5.785501411281757e-09,0.9964187145233154,1.3451809111053592e-10
9.0,0.06593012809753418,1.5415611414937302e-05,1.094814239266384e-09,0.024491073563694954,3.599806223064661e-05,0.00016364722978323698,9.431451175601069e-09,4.88504213080887e-07,1.284506794263507e-07,0.9093629717826843
0.0,0.9869798421859741,0.008970442228019238,4.710464018842231e-09,0.002648110967129469,1.542010181765363e-06,7.009882392594591e-05,7.298515356524149e-07,2.944427933471161e-06,1.8276590708410367e-05,0.001308063860051334
4.0,1.4894712130342214e-09,1.2890327910977661e-12,0.0017448712605983019,2.621199435282051e-08,0.9051837921142578,0.004806718323379755,0.08822613954544067,4.113356411039604e-08,3.843205558951013e-05,2.2342003802577892e-09
